{
  "version": 1,
  "author": "ALINE BERTOLAZO DOS SANTOS",
  "editor": "wokwi",
  "parts": [
    { "type": "wokwi-breadboard", "id": "bb1", "top": -156.6, "left": 108.4, "attrs": {} },
    { "type": "wokwi-esp32-devkit-v1", "id": "esp", "top": -301.85, "left": -189.16, "attrs": {} },
    {
      "type": "wokwi-led",
      "id": "led1",
      "top": -128.4,
      "left": 157.8,
      "attrs": { "color": "limegreen", "flip": "1" }
    },
    {
      "type": "wokwi-led",
      "id": "led2",
      "top": -128.4,
      "left": 186.6,
      "attrs": { "color": "red", "flip": "1" }
    },
    {
      "type": "wokwi-resistor",
      "id": "r2",
      "top": -52.8,
      "left": 143.45,
      "rotate": 90,
      "attrs": { "color": "red" }
    },
    {
      "type": "wokwi-resistor",
      "id": "r1",
      "top": -52.8,
      "left": 172.25,
      "rotate": 90,
      "attrs": { "color": "red" }
    },
    {
      "type": "wokwi-led",
      "id": "led3",
      "top": -128.4,
      "left": 273,
      "attrs": { "color": "blue", "flip": "1" }
    },
    {
      "type": "wokwi-led",
      "id": "led4",
      "top": -128.4,
      "left": 301.8,
      "attrs": { "color": "red", "flip": "1" }
    },
    {
      "type": "wokwi-resistor",
      "id": "r3",
      "top": -52.8,
      "left": 258.65,
      "rotate": 90,
      "attrs": { "color": "red" }
    },
    {
      "type": "wokwi-resistor",
      "id": "r4",
      "top": -52.8,
      "left": 287.45,
      "rotate": 90,
      "attrs": { "color": "red" }
    },
    { "type": "wokwi-hc-sr04", "id": "ultrasonic1", "top": 76.15, "left": -162.16, "attrs": {} },
    { "type": "wokwi-hc-sr04", "id": "ultrasonic2", "top": -320.62, "left": 504.24, "attrs": {} }
  ],
  "connections": [
    [ "esp:TX0", "$serialMonitor:RX", "", [] ],
    [ "esp:RX0", "$serialMonitor:TX", "", [] ],
    [ "esp:3V3", "bb1:tp.1", "red", [ "h85.29", "v112.62" ] ],
    [ "esp:GND.1", "bb1:tn.2", "black", [ "h0" ] ],
    [ "bb1:6t.c", "bb1:tn.4", "black", [ "v0" ] ],
    [ "bb1:9t.c", "bb1:tn.6", "black", [ "v0" ] ],
    [ "bb1:5b.i", "esp:D2", "green", [ "v-1.47", "h-214.96", "v-160.38" ] ],
    [ "bb1:8b.i", "esp:D4", "orange", [ "v7.08", "h-219.33", "v-179.54" ] ],
    [ "bb1:18t.b", "bb1:tn.14", "black", [ "v0" ] ],
    [ "bb1:21t.c", "bb1:tn.16", "black", [ "v0" ] ],
    [ "bb1:17b.i", "esp:D15", "green", [ "v20.37", "h-346.55", "v-173.12" ] ],
    [ "bb1:20b.i", "esp:D13", "orange", [ "v34.54", "h-526.56", "v-187.29" ] ],
    [ "ultrasonic2:VCC", "bb1:tp.38", "red", [ "v0" ] ],
    [ "ultrasonic2:GND", "bb1:tn.41", "black", [ "v0" ] ],
    [
      "ultrasonic2:TRIG",
      "esp:D25",
      "blue",
      [ "v20.71", "h-650", "v-115.77", "h-151.21", "v115.77" ]
    ],
    [
      "ultrasonic2:ECHO",
      "esp:D26",
      "magenta",
      [ "v34.89", "h-645.83", "v-145.3", "h-183.1", "v140.57" ]
    ],
    [ "ultrasonic1:GND", "bb1:tn.20", "black", [ "v18.37", "h441.41" ] ],
    [ "ultrasonic1:VCC", "bb1:tn.21", "red", [ "v30.74", "h500.77" ] ],
    [ "ultrasonic1:TRIG", "esp:D32", "blue", [ "v55.47", "h-214.04", "v-454.42" ] ],
    [ "ultrasonic1:ECHO", "esp:D33", "magenta", [ "v29.19", "h-174.58", "v-448.24" ] ],
    [ "led1:A", "bb1:5t.c", "", [ "$bb" ] ],
    [ "led1:C", "bb1:6t.c", "", [ "$bb" ] ],
    [ "led2:A", "bb1:8t.c", "", [ "$bb" ] ],
    [ "led2:C", "bb1:9t.c", "", [ "$bb" ] ],
    [ "r2:1", "bb1:5t.d", "", [ "$bb" ] ],
    [ "r2:2", "bb1:5b.h", "", [ "$bb" ] ],
    [ "r1:1", "bb1:8t.d", "", [ "$bb" ] ],
    [ "r1:2", "bb1:8b.h", "", [ "$bb" ] ],
    [ "led3:A", "bb1:17t.c", "", [ "$bb" ] ],
    [ "led3:C", "bb1:18t.c", "", [ "$bb" ] ],
    [ "led4:A", "bb1:20t.c", "", [ "$bb" ] ],
    [ "led4:C", "bb1:21t.c", "", [ "$bb" ] ],
    [ "r3:1", "bb1:17t.d", "", [ "$bb" ] ],
    [ "r3:2", "bb1:17b.h", "", [ "$bb" ] ],
    [ "r4:1", "bb1:20t.d", "", [ "$bb" ] ],
    [ "r4:2", "bb1:20b.h", "", [ "$bb" ] ]
  ],
  "dependencies": {}
}